TravelPlan,WorkOrder
tp0,wo287
tp1,wo276
tp1,wo123
tp1,wo148
tp2,wo226
tp2,wo281
tp3,wo45
tp3,wo235
tp4,wo228
tp5,wo227
tp5,wo191
tp5,wo4
tp5,wo161
tp6,wo33
tp6,wo35
tp6,wo291
tp6,wo140
tp6,wo97
tp6,wo119
tp7,wo146
tp7,wo85
tp7,wo168
tp7,wo198
tp8,wo11
tp8,wo290
tp9,wo237
tp9,wo42
tp9,wo147
tp9,wo200
tp10,wo79
tp10,wo1
tp10,wo157
tp10,wo184
tp11,wo164
tp11,wo9
tp11,wo14
tp11,wo18
tp12,wo21
tp12,wo115
tp12,wo44
tp12,wo229
tp13,wo27
tp13,wo139
tp13,wo223
tp13,wo88
tp13,wo46
tp13,wo139
tp14,wo85
tp14,wo12
tp14,wo143
tp14,wo120
tp14,wo232
tp14,wo230
tp15,wo298
tp15,wo75
tp15,wo25
tp15,wo242
tp15,wo217
tp16,wo252
tp16,wo275
tp16,wo75
tp16,wo129
tp16,wo3
tp16,wo75
tp17,wo194
tp17,wo241
tp18,wo128
tp18,wo255
tp18,wo45
tp18,wo252
tp19,wo243
tp19,wo268
tp19,wo38
tp20,wo111
tp20,wo238
tp20,wo165
tp20,wo107
tp20,wo189
tp20,wo196
tp21,wo28
tp21,wo144
tp22,wo54
tp22,wo105
tp22,wo124
tp23,wo115
tp23,wo243
tp23,wo253
tp23,wo251
tp23,wo165
tp24,wo286
tp25,wo127
tp25,wo44
tp25,wo95
tp26,wo129
tp26,wo191
tp26,wo292
tp26,wo111
tp26,wo53
tp26,wo223
tp27,wo285
tp27,wo292
tp27,wo70
tp27,wo214
tp28,wo67
tp28,wo241
tp29,wo84
tp29,wo207
tp29,wo286
tp30,wo48
tp30,wo129
tp30,wo271
tp30,wo225
tp30,wo288
tp30,wo219
tp31,wo106
tp31,wo207
tp32,wo93
tp33,wo119
tp34,wo176
tp34,wo214
tp34,wo277
tp34,wo276
tp35,wo176
tp35,wo230
tp35,wo194
tp35,wo156
tp36,wo255
tp37,wo164
tp37,wo293
tp37,wo296
tp37,wo217
tp37,wo240
tp38,wo142
tp39,wo4
tp39,wo53
tp39,wo22
tp39,wo281
tp39,wo52
tp40,wo131
tp41,wo207
tp41,wo248
tp41,wo51
tp41,wo225
tp42,wo139
tp42,wo196
tp42,wo204
tp42,wo123
tp42,wo203
tp43,wo176
tp43,wo176
tp43,wo225
tp43,wo124
tp44,wo286
tp44,wo291
tp44,wo180
tp44,wo151
tp44,wo273
tp44,wo129
tp45,wo221
tp45,wo220
tp46,wo60
tp46,wo108
tp46,wo216
tp46,wo259
tp47,wo131
tp47,wo64
tp47,wo226
tp47,wo194
tp47,wo134
tp48,wo82
tp49,wo220
tp49,wo273
tp49,wo95
tp49,wo223
tp50,wo249
tp50,wo99
tp50,wo37
tp50,wo260
tp51,wo178
tp51,wo276
tp51,wo162
tp51,wo237
tp51,wo139
tp51,wo83
tp52,wo229
tp52,wo38
tp52,wo198
tp52,wo147
tp52,wo13
tp53,wo3
tp53,wo40
tp53,wo258
tp53,wo163
tp54,wo60
tp54,wo115
tp54,wo56
tp54,wo238
tp54,wo135
tp55,wo239
tp56,wo275
tp56,wo257
tp57,wo194
tp57,wo5
tp57,wo183
tp57,wo264
tp58,wo126
tp58,wo141
tp58,wo278
tp58,wo92
tp58,wo259
tp58,wo193
tp59,wo284
tp59,wo230
tp59,wo192
tp59,wo206
tp59,wo281
tp59,wo151
tp60,wo93
tp60,wo288
tp60,wo63
tp60,wo44
tp60,wo224
tp60,wo289
tp61,wo193
tp61,wo195
tp61,wo139
tp61,wo91
tp61,wo62
tp61,wo178
tp62,wo121
tp62,wo71
tp63,wo11
tp63,wo61
tp63,wo208
tp63,wo136
tp64,wo268
tp65,wo1
tp66,wo136
tp66,wo291
tp66,wo142
tp67,wo33
tp67,wo227
tp68,wo272
tp68,wo147
tp68,wo254
tp68,wo128
tp68,wo166
tp68,wo143
tp69,wo232
tp69,wo227
tp69,wo216
tp69,wo138
tp69,wo79
tp70,wo257
tp70,wo125
tp70,wo139
tp70,wo252
tp70,wo164
tp71,wo183
tp71,wo44
tp71,wo141
tp71,wo149
tp71,wo167
tp71,wo68
tp72,wo166
tp72,wo232
tp72,wo188
tp72,wo137
tp72,wo33
tp73,wo82
tp73,wo276
tp73,wo91
tp73,wo219
tp74,wo229
tp74,wo211
tp74,wo257
tp74,wo117
tp74,wo239
tp75,wo165
tp76,wo221
tp77,wo266
tp77,wo124
tp77,wo267
tp78,wo285
tp78,wo39
tp79,wo163
tp79,wo274
tp80,wo24
tp81,wo60
tp81,wo175
tp82,wo43
tp83,wo144
tp84,wo206
tp84,wo72
tp84,wo157
tp84,wo110
tp85,wo38
tp85,wo148
tp86,wo47
tp86,wo213
tp86,wo294
tp86,wo197
tp86,wo277
tp87,wo23
tp87,wo141
tp87,wo36
tp87,wo195
tp88,wo268
tp89,wo167
tp89,wo100
tp90,wo35
tp90,wo9
tp90,wo196
tp90,wo45
tp91,wo189
tp92,wo289
tp92,wo87
tp92,wo160
tp92,wo201
tp92,wo110
tp93,wo18
tp93,wo126
tp93,wo159
tp93,wo40
tp94,wo195
tp94,wo188
tp94,wo23
tp94,wo146
tp94,wo34
tp94,wo25
tp95,wo253
tp95,wo25
tp95,wo283
tp96,wo155
tp96,wo277
tp96,wo29
tp96,wo57
tp96,wo83
tp97,wo211
tp97,wo51
tp97,wo92
tp97,wo73
tp97,wo5
tp98,wo41
tp98,wo182
tp98,wo209
tp98,wo133
tp98,wo222
tp99,wo190
tp99,wo136
tp99,wo93
tp99,wo278
tp99,wo94
