Id,Name
0,HOLLINGSWORTH
1,CHRISTIANSEN
2,HIGGINBOTHAM
3,WESTMORELAND
4,STUBBLEFIELD
5,CHRISTIANSON
6,WEATHERSPOON
7,KLINGENSMITH
8,MERRIWEATHER
9,CARRASQUILLO
10,KILLINGSWORTH
11,CHRISTOPHERSO
12,BRECKENRIDGE
13,VAILLANCOURT
14,MIDDLEBROOKS
15,STRINGFELLOW
16,VANLANDINGHAM
17,HOLLINGSHEAD
18,FEATHERSTONE
19,FREDERICKSON
20,EICHELBERGER
21,COLLINSWORTH
22,WOLFENBARGER
23,JEANBAPTISTE
24,LINGENFELTER
25,SCHERMERHORN
26,THROCKMORTON
27,OSHAUGHNESSY
28,VANVALKENBURG
29,CHRISTOFFERSO
30,COURTEMANCHE
31,WOJCIECHOWSKI
32,DUNKELBERGER
33,SHUTTLEWORTH
34,KLEINSCHMIDT
35,HOLLANDSWORTH
36,BOISSONNEAULT
37,LICHTENSTEIN
38,FLECKENSTEIN
39,HETHERINGTON
40,WETHERINGTON
41,GILDERSLEEVE
42,SHELLENBARGER
43,SCHRECENGOST
44,SCHOENBERGER
45,KNICKERBOCKER
46,PAPADOPOULOS
47,VANWINGERDEN
48,DELAHOUSSAYE
49,ANDRZEJEWSKI
50,SHELLENBERGER
51,FENSTERMACHER
52,POFFENBERGER
53,DEGRAFFENREID
54,CHRISTOFFERSE
55,MASTROPIETRO
56,ELLINGSWORTH
57,BENNINGFIELD
58,WITHERINGTON
59,SCHIEFELBEIN
60,PFANNENSTIEL
61,FREDERICKSEN
62,CHARLESWORTH
63,STARKWEATHER
64,MILTENBERGER
65,VANDERLINDEN
66,FENSTERMAKER
67,WEATHERHOLTZ
68,WATTENBARGER
69,SCHWARTZKOPF
70,GOLDSBOROUGH
71,BREITENSTEIN
72,PASQUARIELLO
73,WEISENBERGER
74,STEFFENSMEIER
75,SCHRECKENGOST
76,SCHNEIDERMAN
77,LICHTENBERGER
78,HEFFELFINGER
79,VILLAVICENCIO
80,RICKENBACKER
81,HOLLINGWORTH
82,HIGGENBOTHAM
83,COLLINGSWORTH
84,CHRISTENBERRY
85,BLANKENBAKER
86,ARCHAMBEAULT
87,KNAPPENBERGER
88,BIALASZEWSKI
89,SATTERTHWAITE
90,ROTHENBERGER
91,HIGGINBOTTOM
92,FAULKENBERRY
93,BRANDSTETTER
94,BELLEFEUILLE
95,BEDDINGFIELD
96,SCHWEINSBERG
97,SCHWARTZBERG
98,MANDERSCHEID
99,ASCHENBRENNER
100,VANDERHEYDEN
101,STRITTMATTER
102,MARCINKOWSKI
103,MACGILLIVRAY
104,KLOPFENSTEIN
105,ASHALINTUBBI
106,VANDERMEULEN
107,TROUBLEFIELD
108,STANISLAWSKI
109,LAUTENSCHLAGE
110,LAUDENSLAGER
111,FRANCESCHINI
112,BRANDENBERGER
113,WEISENBURGER
114,VASCONCELLOS
115,MCCONNAUGHEY
116,HEATHERINGTON
117,EICHENBERGER
118,CLINKENBEARD
119,BERGSTRESSER
120,SWARTZENTRUBE
121,SOLLENBERGER
122,PUFFINBERGER
123,FRANKENBERRY
124,DUDENHOEFFER
125,BLICKENSTAFF
126,KATZENBERGER
127,FREUDENBERGER
128,BRACKENRIDGE
129,BERNSKOETTER
130,SWARTZLANDER
131,STEINBRECHER
132,STANISZEWSKI
133,SHILLINGBURG
134,SCHIRTZINGER
135,RINKENBERGER
136,NIEDERHAUSER
137,MARTINDELCAMP
138,MACADANGDANG
139,KIRSCHENBAUM
140,HICKENBOTTOM
141,GUMMERSHEIMER
142,FLEISCHACKER
143,EASTERBROOKS
144,DIEFENDERFER
145,BALASUBRAMANI
146,WOLFINBARGER
147,VANVALKENBUR
148,TRACHTENBERG
149,STEFFENHAGEN
150,SCHWICHTENBER
151,SCHILDKNECHT
152,SCHARFENBERG
153,OELSCHLAEGER
154,NIEWIADOMSKI
155,MERRYWEATHER
156,MAZURKIEWICZ
157,GIANNAKOPOULO
158,DIBARTOLOMEO
159,DAUGHENBAUGH
160,CABBAGESTALK
161,BETTENHAUSEN
162,WOLLSCHLAGER
163,WICKENHAUSER
164,VANDERVELDEN
165,SHOLLENBERGER
166,SCHOENWETTER
167,SCHNACKENBERG
168,SCHELLENBERG
169,RINDERKNECHT
170,OCCHIOGROSSO
171,HOLLINSWORTH
172,HAMMERSCHMIDT
173,FINKENBINDER
174,CHRISTOPHERSE
175,BUENAVENTURA
176,WINTERHALTER
177,WHITHERSPOON
178,WERTENBERGER
179,VANDENHEUVEL
180,TITTERINGTON
181,SHUTTLESWORTH
182,SEIDENSTICKER
183,SCHUTZENHOFER
184,SCHRECONGOST
185,SCHLOTTERBECK
186,SCHLEPPENBACH
187,NEUENSCHWANDE
188,MESSERSCHMIDT
189,MASTROGIOVANN
190,KIRSCHENMANN
191,HICKINGBOTTOM
192,HESSELSCHWARD
193,FUERSTENBERG
194,BROCKLEHURST
195,BLOOMINGDALE
196,BLANKENBECKLE
197,WIGGLESWORTH
198,VALLANDINGHAM
199,STUEKERJUERGE
200,SCHAFFHAUSER
201,RIEMENSCHNEID
202,REIFSCHNEIDER
203,PHANTHANOUVON
204,NIEDRINGHAUS
205,MICHELFELDER
206,LAUGHINGHOUSE
207,KILLINGWORTH
208,KARATHANASIS
209,KALLENBERGER
210,HENKENSIEFKEN
211,GOLEMBIEWSKI
212,GIANNATTASIO
213,FRANKENFIELD
214,FLEISCHHACKER
215,CASTELLUCCIO
216,BRETTSCHNEIDE
217,WALTERSCHEID
218,UNDERCOFFLER
219,STAUFENBERGER
220,SHIVERDECKER
221,SHALLENBERGER
222,RIDDLEBARGER
223,MORGENTHALER
224,MILDENBERGER
225,MERGENTHALER
226,MEISENHEIMER
227,MALANDRUCCOLO
228,KRZYZANOWSKI
229,KROPIDLOWSKI
230,KELLENBERGER
231,JURGENSMEYER
232,FOTHERINGHAM
233,DELAFONTAINE
234,CLINGINGSMITH
235,BITTENBENDER
236,ZWIEFELHOFER
237,VASILOPOULOS
238,VANLANINGHAM
239,THAMMAVONGSA
240,STONEBREAKER
241,SCRITCHFIELD
242,SCHWARTZENBUR
243,SCHOENFELDER
244,SCHAUFELBERGE
245,ROTHLISBERGER
246,MARCINKIEWICZ
247,JEANFRANCOIS
248,HINTERMEISTER
249,HERMENEGILDO
250,GINDLESPERGER
251,FRIEDRICHSEN
252,DIFFENDERFER
253,DELLAPAOLERA
254,DEGRAFFENRIED
255,BOUTHILLETTE
256,WOOLSTENHULME
257,WINTERMANTEL
258,WHITELEATHER
259,WESTENBERGER
260,WESTENBARGER
261,TURRUBIARTES
262,TSCHUMPERLIN
263,THEODOROPOULO
264,SHUFFLEBARGER
265,SHELLABARGER
266,SCHWERDTFEGER
267,SCHWARTZWALDE
268,SCHROTENBOER
269,SCHAARSCHMIDT
270,RIEFFENBERGER
271,REICHELDERFER
272,RAUSCHENBERG
273,PULVERMACHER
274,PRZYBYSZEWSKI
275,POSTLETHWAIT
276,PITTSENBARGER
277,NEUSCHWANDER
278,MITTELSTEADT
279,MITTELSTAEDT
280,MIDDLESWORTH
281,MCGILLICUDDY
282,MARCHESSAULT
283,KONSTANTINIDI
284,HUFFSTICKLER
285,HICKINBOTHAM
286,HEIMERDINGER
287,ERTZBISCHOFF
288,DONNDELINGER
289,DEMORANVILLE
290,DELAPORTILLA
291,CZACHOROWSKI
292,CHRISTODOULOU
293,CHIAPPINELLI
294,CHESTERFIELD
295,BRECKINRIDGE
296,BOISSONNAULT
297,BIRDINGROUND
298,BEAMESDERFER
299,WOLSTENHOLME
300,WALLSCHLAEGER
301,VANDERZANDEN
302,VANDERGIESSEN
303,VANDENBERGHE
304,VAILLENCOURT
305,TALAYUMPTEWA
306,SWARTZWELDER
307,STEINBRUCKNER
308,SCHWIETERMAN
309,SCHWENDEMANN
310,SCHWARTZBACH
311,SCHLOTZHAUER
312,RHEINSCHMIDT
313,MUCKENTHALER
314,MIERZEJEWSKI
315,LINDENFELSER
316,LINDENBERGER
317,LAUNDERVILLE
318,KOTTENSTETTE
319,KINDERKNECHT
320,KHOUNTHAVONG
321,KHAMSYUORAUON
322,HIMMELWRIGHT
323,HIGGINBOTHAN
324,HERBOLSHEIMER
325,HEARNSBERGER
326,GUILLEREAULT
327,GROSSENBACHER
328,GOVINDEISAMI
329,GIANNECCHINI
330,FRANKENSTEIN
331,FITCHPATRICK
332,ESHENBRENNER
333,ESCHENBRENNER
334,DURRENBERGER
335,DIEFFENBACHER
336,DICKENSHEETS
337,DIBONAVENTURA
338,DESGROSEILLIE
339,DEPPERSCHMIDT
340,DEMARANVILLE
341,DECRISTOFORO
342,DANNENFELSER
343,COLAGIOVANNI
344,CHARBONNEAUX
345,CHAMNANPHONY
346,CASTROGIOVANN
347,BHATTACHARYA
348,BARTOSIEWICZ
349,BARTOLOMUCCI
350,WINTERHOLLER
351,WINKENWERDER
352,WALKINGSTICK
353,VECCHIARELLI
354,VANVOLKINBURG
355,TOURTELLOTTE
356,SWARTZENDRUBE
357,STIKELEATHER
358,STAVROPOULOS
359,STATHOPOULOS
360,SILVERTHORNE
361,SHRECKENGOST
362,SHINDLEDECKER
363,SHILLINGFORD
364,SCHWINGHAMMER
365,SCHWEINFURTH
366,SCHNEIDERMANN
367,SCHNAKENBERG
368,SCHMECKPEPER
369,SCHINDELDECKE
370,ROETCISOENDER
371,RAUSCHENBACH
372,PONGKHAMSING
373,PERSCHBACHER
374,PARLAVECCHIO
375,PANAGIOTOPOUL
376,OEHLENSCHLAGE
377,NAGELSCHMIDT
378,MCCONNAUGHHAY
379,MASTROMARINO
380,MAISENBACHER
381,LUKASKIEWICZ
382,LAPEYROLERIE
383,KUCHENMEISTER
384,KUCHENBECKER
385,KLINGLESMITH
386,KLIMASZEWSKI
387,KELIIHOOMALU
388,KALTEFLEITER
389,HOPFENSPERGER
390,HILDERBRANDT
391,HERMANSTORFER
392,HENDERICKSON
393,HEIDENESCHER
394,GILLENWATERS
395,GEORGOPOULOS
396,FUERSTENBERGE
397,FELTENBERGER
398,FEATHERINGHAM
399,DUNKLEBERGER
400,DEWISPELAERE
401,CUSHINGBERRY
402,CHRISTOFOROU
403,CHEESEBROUGH
404,BUDZISZEWSKI
405,BREIDENSTEIN
406,BOUNTHAPANYA
407,BOULTINGHOUSE
408,BOLTINGHOUSE
409,BOISSONEAULT
410,BIANCANIELLO
411,ASCHENBRENER
412,ANNICCHIARICO
413,ALESSANDRINI
414,XAIMOUNGKHOUN
415,WILLINGHURST
416,WHITESCARVER
417,WENDELBERGER
418,VONNIEDERHAUS
419,VONDIELINGEN
420,VOLLENWEIDER
421,VANSTEENBURG
422,VANMIDDLESWOR
423,VANHARLINGEN
424,VANDERSCHAEGE
425,VANDERHEIDEN
426,VANDERGRIEND
427,VANBECELAERE
428,VANARTSDALEN
429,UNDERKOFFLER
430,THISTLETHWAIT
431,SWIETONIOWSKI
432,SWARTZMILLER
433,SUCHARZEWSKI
434,STREITMATTER
435,STEINBRENNER
436,SNELLENBERGER
437,SLAUGHTERBECK
438,SLAUGHENHOUPT
439,SCHWARZENBACH
440,SCHWAMBERGER
441,SCHWALENBERG
442,SCHWABENBAUER
443,SCHNEIDTMILLE
444,SCHLESSELMAN
445,SCHIFFELBEIN
446,SCHELLHAMMER
447,SAYSITHIDETH
448,SANTIESTEBAN
449,PUFFINBURGER
450,POSTLETHWAITE
451,PITSENBARGER
452,PIETRZYKOWSKI
453,MIODUSZEWSKI
454,MINNEWEATHER
455,MANGICAVALLO
456,MANGIARACINA
457,LOVENSHEIMER
458,LOUGHBOROUGH
459,LOUDENSLAGER
460,LICHTENWALNER
461,LEATHERBERRY
462,LAUTZENHEISER
463,KRZECZKOWSKI
464,KONTOGIANNIS
465,KLINGELHOETS
466,KLINGELHOEFER
467,KISTENMACHER
468,KELIIHOLOKAI
469,KALTENHAUSER
470,JOSEPHPAULINE
471,JOHANNINGMEIE
472,HUMERICKHOUSE
473,HOOPENGARDNER
474,HOFFSCHNEIDER
475,HICKONBOTTOM
476,HESSENTHALER
477,HERPOLSHEIMER
478,HATZENBUHLER
479,HATZENBUEHLER
480,GROTELUESCHEN
481,GIANGREGORIO
482,GIAMBATTISTA
483,GHAEMMAGHAMI
484,FREUDENSTEIN
485,FIOTODIMITRAK
486,FERDINANDSEN
487,DEUTSCHENDORF
488,DESREVISSEAU
489,DESCHAMBAULT
490,DELATRINIDAD
491,DECRISTOFARO
492,DEBETTIGNIES
493,DEBENEDITTIS
494,CONVENIENCIA
495,CONSTANTINEAU
496,COMMENDATORE
497,COLAFRANCESCO
498,CLINKINGBEARD
499,CASTELLONESE
500,BROCKELMEYER
501,BREIDENBAUGH
502,BOGENSCHNEIDE
503,BIEDENBENDER
504,BERKSTRESSER
505,BERARDINELLI
506,BELLINGHAUSEN
507,BEIERSCHMITT
508,ANNICHIARICO
509,ANASTASIADES
510,ALESSANDRONI
511,ZUCHELKOWSKI
512,ZITZELBERGER
513,WRIGHTINGTON
514,WOLFENSPERGER
515,WHITTINGHILL
516,WHITELIGHTNIN
517,WEISPFENNING
518,WEATHERINGTON
519,WAFFENSCHMIDT
520,VONGSAMPHANH
521,VONGKHAMPHANH
522,VONGKHAMCHANH
523,VANVELDHUIZE
524,VANSTEENHUYSE
525,VANSTEENBERG
526,VANAMERONGEN
527,TUPACYUPANQUI
528,THUNDERCLOUD
529,THAMMORONGSA
530,TELLINGHUISEN
531,TAGLIALATELA
532,SZUSZKIEWICZ
533,SZALANKIEWICZ
534,STREITENBERGE
535,STRANGSTALIEN
536,STOLLSTEIMER
537,STILGENBAUER
538,SPLONSKOWSKI
539,SOUVANNAVONG
540,SOUVANNARITH
541,SOUVANNAKHIRY
542,SHELENBERGER
543,SHANNONHOUSE
544,SENEMOUNNARAT
545,SCIANCALEPORE
546,SCHWERTFAGER
547,SCHWENDINGER
548,SCHWARZENBERG
549,SCHUPPENHAUER
550,SCHNEIDMILLER
551,SCHLEPPHORST
552,SCHILMOELLER
553,SCHENKELBERG
554,SCHELLENBERGE
555,SCHATTSCHNEID
556,SANTOMASSIMO
557,ROMMELFANGER
558,RICHARDVILLE
559,RICCIARDELLI
560,RATTANACHANE
561,PUTHIYAMADAM
562,PUFFENBARGER
563,POPIELARCZYK
564,PISZCZATOWSKI
565,PFANNENSTEIN
566,PANNENBACKER
567,OTTOMANIELLO
568,OLIGSCHLAEGER
569,OEHLSCHLAGER
570,NIEDERBERGER
571,MUTSCHELKNAUS
572,MUENZENBERGER
573,MUELLERLEILE
574,MLODZIANOWSKI
575,MINZENBERGER
576,MIECZNIKOWSKI
577,MERGANTHALER
578,MEIXELBERGER
579,MARDIROSSIAN
580,LUANGSINGOTHA
581,LINGINFELTER
582,LICHTENWALTER
583,KREITZBENDER
584,KREAMALMEYER
585,KOURKOUMELLIS
586,KOTHENBEUTEL
587,KONDRATOWICZ
588,KLEINWOLTERIN
589,KITTELBERGER
590,KIRCHGESSNER
591,KHANPONAPHAN
592,KHACHATOORIAN
593,KAMMERDIENER
594,JURGENSMEIER
595,JARZEMBOWSKI
596,INTRABARTOLO
597,HOOPINGARNER
598,HOLLENDONNER
599,HINDERBERGER
600,HIGGENBOTTOM
601,HERKSTROETER
602,HEIDELBERGER
603,HAUERSPERGER
604,HATZENBIHLER
605,GREENSFELDER
606,GOTTEMOELLER
607,GLADYSIEWSKI
608,GILDEMEISTER
609,GIANDOMENICO
610,GHEBREMICAEL
611,GERSTENBERGER
612,FRAUENFELDER
613,FRATERCANGELO
614,FOERSTERLING
615,FITZRANDOLPH
616,ELLINGHUYSEN
617,DZIEWANOWSKI
618,DOBRZYKOWSKI
619,DIPIETRANTONI
620,DIAMANTOPOULO
621,DESRUISSEAUX
622,DEBENEDICTIS
623,DEBARDELABEN
624,CUMBERLANDER
625,COFFINBERGER
626,CLINKINBEARD
627,CHRISTOPOULOS
628,CHRISTENBURY
629,BUVINGHAUSEN
630,BROOKSKENNEDY
631,BROCKENBERRY
632,BRIDENBECKER
633,BRECKENSTEIN
634,BRANDENBURGER
635,BODENSTEINER
636,BLAKEBOROUGH
637,BIRCKBICHLER
638,BILLINGHURST
639,BAUERMEISTER
640,BAGHDASARIAN
641,ANTONOPOULOS
642,WUELLENWEBER
643,WOHLSCHLEGEL
644,WITTERSTAUTER
645,WINTERBOTTOM
646,WILDENTHALER
647,WESTERVOORDE
648,WEIDENHEIMER
649,WECHSELBLATT
650,VONBRAUNSBERG
651,VILLEMARETTE
652,VICHIDVONGSA
653,VEITENHEIMER
654,VANWYNGAARDEN
655,VANWASSENHOVE
656,VANVOLKENBURG
657,VANHAMERSVELD
658,VANDUYNHOVEN
659,VANDERSTAPPEN
660,VANDERSCHOOT
661,VANDERKAADEN
662,VANBENTHUYSE
663,TRAFFANSTEDT
664,THOROUGHGOOD
665,THORNBOROUGH
666,TEROGANESYAN
667,SZCZEPKOWSKI
668,SZCZEBLEWSKI
669,SWIERCZYNSKI
670,SUWANNAKINTHO
671,SURYANARAYANA
672,SULLENBERGER
673,SULEJMANOVSKI
674,STRZALKOWSKI
675,STREITNATTER
676,STRACQUATANIO
677,STEINKUEHLER
678,STEINKIRCHNER
679,STEINKELLNER
680,STAUDENMEIER
681,STAMATOPOULOS
682,SQUARCIAFICO
683,SPRENGELMEYER
684,SOUVANNAKHILY
685,SLAUGENHAUPT
686,SKEVOFILAKAS
687,SHULENBERGER
688,SHOLLENBARGER
689,SHINGLEDECKER
690,SHILLINGSFORD
691,SENSENBRENNER
692,SENETHAVILOUK
693,SEIDENBECKER
694,SECKLETSTEWA
695,SCSARPISNATO
696,SCIACCHITANO
697,SCHWERTFEGER
698,SCHOWENGERDT
699,SCHNEEBERGER
700,SCHMOLLINGER
701,SCHMIEDESKAMP
702,SCHLOTTHAUER
703,SCHLICHENMAYE
704,SCHLADWEILER
705,SCHIRRMACHER
706,SCHIERENBECK
707,SCHIEFERSTEIN
708,SCHERSCHLIGT
709,SCHELLERMANN
710,SCHANZENBACH
711,SANZENBACHER
712,SAENPHIMMACHA
713,ROTHENBURGER
714,ROSENKOETTER
715,RINGELSPAUGH
716,RIDDLEBERGER
717,RAUTENSTRAUCH
718,PUFFENBERGER
719,PINSONNEAULT
720,PIERTRACCINI
721,PIERANNUNZIO
722,PHIMPRADAPSY
723,PHETSANGHANE
724,PHANTHAVONGSA
725,PFEIFFENBERGE
726,PENHALLURICK
727,ORTTENBURGER
728,NOLTENSMEIER
729,NIEDZWIEDZKI
730,NEUENSWANDER
731,NETTLEINGHAM
732,NANTANAPIBUL
733,MILDERBERGER
734,MEINERSHAGEN
735,MCCORKINDALE
736,MCCLENNINGHAM
737,MCCLAUGHERTY
738,MASCIANTONIO
739,MARCOTRIGIANO
740,MARCOGUISEPP
741,MARCHESSEAULT
742,MACCHIARELLA
743,LONGENBERGER
744,LITZENBERGER
745,LINGERFELTER
746,LEICHTENBERGE
747,LAUBERSHEIMER
748,LANDENBERGER
749,LABOISSONNIER
750,KUHLENSCHMIDT
751,KRUPPENBACHER
752,KRISTOFFERSON
753,KRISHNAMURTHY
754,KRIEGSHAUSER
755,KREUTZBENDER
756,KOUSONSAVATH
757,KOUNTHAPANYA
758,KORZYNIOWSKI
759,KLINGENBERGER
760,KLEFTOGIANNIS
761,KHENSAMPHANH
762,KHEMMANIVONG
763,KETTERINGHAM
764,KEOBAUNLEUANG
765,KELIIPAAKAUA
766,KARAMCHANDANI
767,KANJIRATHINGA
768,KAHOOHALPHALA
769,JOHNSTONBAUGH
770,JEANPHILIPPE
771,INKAVESVANITC
772,HOUGHTELLING
773,HOLLINGHURST
774,HICKINGBOTHAM
775,HETTENHAUSEN
776,HERGENROEDER
777,HENNIGHAUSEN
778,HELPHINSTINE
779,HELPHENSTINE
780,HEBBLETHWAITE
781,HASSELVANDER
782,HARKENREADER
783,HANDSCHUMAKER
784,HAJDUKIEWICZ
785,HACKENMILLER
786,GUNZENHAUSER
787,GROSZKIEWICZ
788,GORNIKIEWICZ
789,GOODENBERGER
790,GHIRINGHELLI
791,GERMERSHAUSEN
792,GAGLIARDOTTO
793,FUPOCYUPANQUI
794,FUNDENBERGER
795,FROSCHHEISER
796,FRITZPATRICK
797,FRANKENREITER
798,FRANCESCHINA
799,FLOERCHINGER
800,FLEURISSAINT
801,ESCHENBACHER
802,EICHENMILLER
803,DZIERZANOWSKI
804,DZIEGIELEWSKI
805,DUCHATELLIER
806,DOVENMUEHLER
807,DIONISOPOULOS
808,DIGIAMBATTIST
809,DICHRISTOPHER
810,DEWARATANAWAN
811,DESIYATNIKOV
812,DESCHAMBEAULT
813,DELOSANGELES
814,DELLASCIUCCA
815,DEFRANCESCHI
816,CRICKENBERGER
817,CHANTHAUMLSA
818,CHANDSAWANGBH
819,CHANDRONNAIT
820,CHANDRASEKHAR
821,CHANDRASEKARA
822,CASTELLANETA
823,BROWNSBERGER
824,BRINCKERHOFF
825,BRENNENSTUHL
826,BREITENFELDT
827,BREITENBUCHER
828,BRAUNSCHWEIGE
829,BRACKELSBERG
830,BORDENKIRCHER
831,BLUMENSCHEIN
832,BLUMENKRANTZ
833,BLANKENBECLER
834,BHAMARANIYAMA
835,BELLEFONTAINE
836,BECKELHEIMER
837,BAUMKIRCHNER
838,BALLESTEROUS
839,ANDRUSZKIEWIC
840,ALEXANDROPOUL
841,AFFELTRANGER
